{
  "hash": "5199760f",
  "browserHash": "a29d4ded",
  "optimized": {
    "react/jsx-runtime": {
      "src": "../../node_modules/.deno/react@18.2.0/node_modules/react/jsx-runtime.js",
      "file": "react_jsx-runtime.js",
      "fileHash": "4a18617f",
      "needsInterop": true
    },
    "react/jsx-dev-runtime": {
      "src": "../../node_modules/.deno/react@18.2.0/node_modules/react/jsx-dev-runtime.js",
      "file": "react_jsx-dev-runtime.js",
      "fileHash": "f067b2f6",
      "needsInterop": true
    },
    "react": {
      "src": "../../node_modules/.deno/react@18.2.0/node_modules/react/index.js",
      "file": "react.js",
      "fileHash": "92f1b79d",
      "needsInterop": true
    },
    "react-dom/client": {
      "src": "../../node_modules/.deno/react-dom@18.2.0/node_modules/react-dom/client.js",
      "file": "react-dom_client.js",
      "fileHash": "8fb0292c",
      "needsInterop": true
    },
    "react-router-dom": {
      "src": "../../node_modules/.deno/react-router-dom@6.4.3/node_modules/react-router-dom/dist/index.js",
      "file": "react-router-dom.js",
      "fileHash": "4691d8f9",
      "needsInterop": false
    }
  },
  "chunks": {
    "chunk-BJFMU22U": {
      "file": "chunk-BJFMU22U.js"
    }
  }
}